Condición,RMS_Global,Media,Desv_Std,Min,Max
Reposo,120.09660771661206,119.49522483087942,12.003600612123858,87,288
MVC,110.99224413199703,109.06632653061224,20.586759690993055,70,359
