{
  "features": [
    "rms_biceps",
    "mav_biceps",
    "wl_biceps",
    "ZCR_biceps",
    "rms_triceps",
    "mav_triceps",
    "wl_triceps",
    "ZCR_triceps",
    "rms_antebrazo",
    "mav_antebrazo",
    "wl_antebrazo",
    "ZCR_antebrazo"
  ],
  "baseline": [
    194.41196926070725,
    144.42070923868093,
    18646.159797032666,
    40.56884057971015,
    0.012341340083573108,
    0.004505280630608488,
    0.5246831155309927,
    25.358695652173914,
    3.0426877917426105,
    2.3965043613635926,
    261.1653563262497,
    40.81884057971015
  ],
  "mvc": [
    396.70675918688374,
    361.97241045932316,
    45784.283731657684,
    53.0,
    0.16721219189298878,
    0.08149919574432773,
    11.574612044400123,
    44.0,
    34.12146435114293,
    18.995236467700778,
    1019.5783933188978,
    52.0
  ]
}