{
  "features": [
    "rms_biceps",
    "mav_biceps",
    "wl_biceps",
    "ZCR_biceps",
    "rms_triceps",
    "mav_triceps",
    "wl_triceps",
    "ZCR_triceps",
    "rms_antebrazo",
    "mav_antebrazo",
    "wl_antebrazo",
    "ZCR_antebrazo"
  ],
  "baseline": [
    3.3786538131467507,
    2.7966456118137515,
    223.4464882727193,
    28.689285714285713,
    81.91260509729256,
    67.59760165958893,
    8920.910749909013,
    47.239285714285714,
    1.56441101726001,
    1.3192861776425524,
    112.32005199037054,
    30.257142857142856
  ],
  "mvc": [
    96.79829087379622,
    58.741095215815264,
    3160.2171752313793,
    50.0,
    273.8873230587349,
    226.51533197506342,
    24603.349838778337,
    53.0,
    38.59023192877608,
    22.03614086905234,
    1048.0040886804916,
    54.0
  ]
}